uniprot_id,residue,annotation_type,description
Q9NQ94,499,Modified residue,"MOD_RES 499; /note=""Phosphothreonine""; /evidence=""ECO:0007744|PubMed:24275569"""
P04217,1,Signal peptide,"/evidence=""ECO:0000269|PubMed:3458201"""
P04217,2,Signal peptide,"/evidence=""ECO:0000269|PubMed:3458201"""
P04217,3,Signal peptide,"/evidence=""ECO:0000269|PubMed:3458201"""
P04217,4,Signal peptide,"/evidence=""ECO:0000269|PubMed:3458201"""
P04217,5,Signal peptide,"/evidence=""ECO:0000269|PubMed:3458201"""
P04217,6,Signal peptide,"/evidence=""ECO:0000269|PubMed:3458201"""
P04217,7,Signal peptide,"/evidence=""ECO:0000269|PubMed:3458201"""
P04217,8,Signal peptide,"/evidence=""ECO:0000269|PubMed:3458201"""
P04217,9,Signal peptide,"/evidence=""ECO:0000269|PubMed:3458201"""
P04217,10,Signal peptide,"/evidence=""ECO:0000269|PubMed:3458201"""
P04217,11,Signal peptide,"/evidence=""ECO:0000269|PubMed:3458201"""
P04217,12,Signal peptide,"/evidence=""ECO:0000269|PubMed:3458201"""
P04217,13,Signal peptide,"/evidence=""ECO:0000269|PubMed:3458201"""
P04217,14,Signal peptide,"/evidence=""ECO:0000269|PubMed:3458201"""
P04217,15,Signal peptide,"/evidence=""ECO:0000269|PubMed:3458201"""
P04217,16,Signal peptide,"/evidence=""ECO:0000269|PubMed:3458201"""
P04217,17,Signal peptide,"/evidence=""ECO:0000269|PubMed:3458201"""
P04217,18,Signal peptide,"/evidence=""ECO:0000269|PubMed:3458201"""
P04217,19,Signal peptide,"/evidence=""ECO:0000269|PubMed:3458201"""
P04217,20,Signal peptide,"/evidence=""ECO:0000269|PubMed:3458201"""
P04217,21,Signal peptide,"/evidence=""ECO:0000269|PubMed:3458201"""
P01023,1,Signal peptide,"/evidence=""ECO:0000269|PubMed:6203908"""
P01023,2,Signal peptide,"/evidence=""ECO:0000269|PubMed:6203908"""
P01023,3,Signal peptide,"/evidence=""ECO:0000269|PubMed:6203908"""
P01023,4,Signal peptide,"/evidence=""ECO:0000269|PubMed:6203908"""
P01023,5,Signal peptide,"/evidence=""ECO:0000269|PubMed:6203908"""
P01023,6,Signal peptide,"/evidence=""ECO:0000269|PubMed:6203908"""
P01023,7,Signal peptide,"/evidence=""ECO:0000269|PubMed:6203908"""
P01023,8,Signal peptide,"/evidence=""ECO:0000269|PubMed:6203908"""
P01023,9,Signal peptide,"/evidence=""ECO:0000269|PubMed:6203908"""
P01023,10,Signal peptide,"/evidence=""ECO:0000269|PubMed:6203908"""
P01023,11,Signal peptide,"/evidence=""ECO:0000269|PubMed:6203908"""
P01023,12,Signal peptide,"/evidence=""ECO:0000269|PubMed:6203908"""
P01023,13,Signal peptide,"/evidence=""ECO:0000269|PubMed:6203908"""
P01023,14,Signal peptide,"/evidence=""ECO:0000269|PubMed:6203908"""
P01023,15,Signal peptide,"/evidence=""ECO:0000269|PubMed:6203908"""
P01023,16,Signal peptide,"/evidence=""ECO:0000269|PubMed:6203908"""
P01023,17,Signal peptide,"/evidence=""ECO:0000269|PubMed:6203908"""
P01023,18,Signal peptide,"/evidence=""ECO:0000269|PubMed:6203908"""
P01023,19,Signal peptide,"/evidence=""ECO:0000269|PubMed:6203908"""
P01023,20,Signal peptide,"/evidence=""ECO:0000269|PubMed:6203908"""
P01023,21,Signal peptide,"/evidence=""ECO:0000269|PubMed:6203908"""
P01023,22,Signal peptide,"/evidence=""ECO:0000269|PubMed:6203908"""
P01023,23,Signal peptide,"/evidence=""ECO:0000269|PubMed:6203908"""
Q9NQ94,244,Helix,"/evidence=""ECO:0007829|PDB:2CPD""; HELIX 276..286; /evidence=""ECO:0007829|PDB:2CPD"""
Q9NQ94,245,Helix,"/evidence=""ECO:0007829|PDB:2CPD""; HELIX 276..286; /evidence=""ECO:0007829|PDB:2CPD"""
Q9NQ94,246,Helix,"/evidence=""ECO:0007829|PDB:2CPD""; HELIX 276..286; /evidence=""ECO:0007829|PDB:2CPD"""
Q9NQ94,247,Helix,"/evidence=""ECO:0007829|PDB:2CPD""; HELIX 276..286; /evidence=""ECO:0007829|PDB:2CPD"""
Q9NQ94,248,Helix,"/evidence=""ECO:0007829|PDB:2CPD""; HELIX 276..286; /evidence=""ECO:0007829|PDB:2CPD"""
Q9NQ94,249,Helix,"/evidence=""ECO:0007829|PDB:2CPD""; HELIX 276..286; /evidence=""ECO:0007829|PDB:2CPD"""
Q9NQ94,250,Helix,"/evidence=""ECO:0007829|PDB:2CPD""; HELIX 276..286; /evidence=""ECO:0007829|PDB:2CPD"""
Q9NQ94,251,Helix,"/evidence=""ECO:0007829|PDB:2CPD""; HELIX 276..286; /evidence=""ECO:0007829|PDB:2CPD"""
Q9NQ94,252,Helix,"/evidence=""ECO:0007829|PDB:2CPD""; HELIX 276..286; /evidence=""ECO:0007829|PDB:2CPD"""
P01023,153,Helix,"/evidence=""ECO:0007829|PDB:2P9R""; HELIX 1355..1359; /evidence=""ECO:0007829|PDB:1BV8""; HELIX 1393..1400; /evidence=""ECO:0007829|PDB:1BV8"""
P01023,154,Helix,"/evidence=""ECO:0007829|PDB:2P9R""; HELIX 1355..1359; /evidence=""ECO:0007829|PDB:1BV8""; HELIX 1393..1400; /evidence=""ECO:0007829|PDB:1BV8"""
P01023,155,Helix,"/evidence=""ECO:0007829|PDB:2P9R""; HELIX 1355..1359; /evidence=""ECO:0007829|PDB:1BV8""; HELIX 1393..1400; /evidence=""ECO:0007829|PDB:1BV8"""
P01023,1401,Turn,"/evidence=""ECO:0007829|PDB:1BV8"""
P01023,1402,Turn,"/evidence=""ECO:0007829|PDB:1BV8"""
P01023,1403,Turn,"/evidence=""ECO:0007829|PDB:1BV8"""
Q9NQ94,232,Beta strand,"/evidence=""ECO:0007829|PDB:2CPD""; STRAND 259..264; /evidence=""ECO:0007829|PDB:2CPD""; STRAND 266..275; /evidence=""ECO:0007829|PDB:2CPD""; STRAND 287..291; /evidence=""ECO:0007829|PDB:2CPD""; STRAND 294..299; /evidence=""ECO:0007829|PDB:2CPD"""
Q9NQ94,233,Beta strand,"/evidence=""ECO:0007829|PDB:2CPD""; STRAND 259..264; /evidence=""ECO:0007829|PDB:2CPD""; STRAND 266..275; /evidence=""ECO:0007829|PDB:2CPD""; STRAND 287..291; /evidence=""ECO:0007829|PDB:2CPD""; STRAND 294..299; /evidence=""ECO:0007829|PDB:2CPD"""
Q9NQ94,234,Beta strand,"/evidence=""ECO:0007829|PDB:2CPD""; STRAND 259..264; /evidence=""ECO:0007829|PDB:2CPD""; STRAND 266..275; /evidence=""ECO:0007829|PDB:2CPD""; STRAND 287..291; /evidence=""ECO:0007829|PDB:2CPD""; STRAND 294..299; /evidence=""ECO:0007829|PDB:2CPD"""
Q9NQ94,235,Beta strand,"/evidence=""ECO:0007829|PDB:2CPD""; STRAND 259..264; /evidence=""ECO:0007829|PDB:2CPD""; STRAND 266..275; /evidence=""ECO:0007829|PDB:2CPD""; STRAND 287..291; /evidence=""ECO:0007829|PDB:2CPD""; STRAND 294..299; /evidence=""ECO:0007829|PDB:2CPD"""
Q9NQ94,236,Beta strand,"/evidence=""ECO:0007829|PDB:2CPD""; STRAND 259..264; /evidence=""ECO:0007829|PDB:2CPD""; STRAND 266..275; /evidence=""ECO:0007829|PDB:2CPD""; STRAND 287..291; /evidence=""ECO:0007829|PDB:2CPD""; STRAND 294..299; /evidence=""ECO:0007829|PDB:2CPD"""
Q9NQ94,237,Beta strand,"/evidence=""ECO:0007829|PDB:2CPD""; STRAND 259..264; /evidence=""ECO:0007829|PDB:2CPD""; STRAND 266..275; /evidence=""ECO:0007829|PDB:2CPD""; STRAND 287..291; /evidence=""ECO:0007829|PDB:2CPD""; STRAND 294..299; /evidence=""ECO:0007829|PDB:2CPD"""
P01023,128,Beta strand,"/evidence=""ECO:0007829|PDB:2P9R""; STRAND 136..138; /evidence=""ECO:0007829|PDB:2P9R""; STRAND 143..151; /evidence=""ECO:0007829|PDB:2P9R""; STRAND 161..168; /evidence=""ECO:0007829|PDB:2P9R""; STRAND 174..182; /evidence=""ECO:0007829|PDB:2P9R""; STRAND 187..193; /evidence=""ECO:0007829|PDB:2P9R""; STRAND 201..208; /evidence=""ECO:0007829|PDB:2P9R""; STRAND 214..221; /evidence=""ECO:0007829|PDB:2P9R""; STRAND 1341..1347; /evidence=""ECO:0007829|PDB:1BV8""; STRAND 1360..1369; /evidence=""ECO:0007829|PDB:1BV8""; STRAND 1379..1384; /evidence=""ECO:0007829|PDB:1BV8""; STRAND 1389..1391; /evidence=""ECO:0007829|PDB:1BV8""; STRAND 1407..1410; /evidence=""ECO:0007829|PDB:1BV8""; STRAND 1412..1419; /evidence=""ECO:0007829|PDB:1BV8""; STRAND 1427..1434; /evidence=""ECO:0007829|PDB:1BV8""; STRAND 1445..1450; /evidence=""ECO:0007829|PDB:1BV8""; STRAND 1454..1456; /evidence=""ECO:0007829|PDB:1BV8""; STRAND 1459..1463; /evidence=""ECO:0007829|PDB:1BV8"""
P01023,129,Beta strand,"/evidence=""ECO:0007829|PDB:2P9R""; STRAND 136..138; /evidence=""ECO:0007829|PDB:2P9R""; STRAND 143..151; /evidence=""ECO:0007829|PDB:2P9R""; STRAND 161..168; /evidence=""ECO:0007829|PDB:2P9R""; STRAND 174..182; /evidence=""ECO:0007829|PDB:2P9R""; STRAND 187..193; /evidence=""ECO:0007829|PDB:2P9R""; STRAND 201..208; /evidence=""ECO:0007829|PDB:2P9R""; STRAND 214..221; /evidence=""ECO:0007829|PDB:2P9R""; STRAND 1341..1347; /evidence=""ECO:0007829|PDB:1BV8""; STRAND 1360..1369; /evidence=""ECO:0007829|PDB:1BV8""; STRAND 1379..1384; /evidence=""ECO:0007829|PDB:1BV8""; STRAND 1389..1391; /evidence=""ECO:0007829|PDB:1BV8""; STRAND 1407..1410; /evidence=""ECO:0007829|PDB:1BV8""; STRAND 1412..1419; /evidence=""ECO:0007829|PDB:1BV8""; STRAND 1427..1434; /evidence=""ECO:0007829|PDB:1BV8""; STRAND 1445..1450; /evidence=""ECO:0007829|PDB:1BV8""; STRAND 1454..1456; /evidence=""ECO:0007829|PDB:1BV8""; STRAND 1459..1463; /evidence=""ECO:0007829|PDB:1BV8"""
P01023,130,Beta strand,"/evidence=""ECO:0007829|PDB:2P9R""; STRAND 136..138; /evidence=""ECO:0007829|PDB:2P9R""; STRAND 143..151; /evidence=""ECO:0007829|PDB:2P9R""; STRAND 161..168; /evidence=""ECO:0007829|PDB:2P9R""; STRAND 174..182; /evidence=""ECO:0007829|PDB:2P9R""; STRAND 187..193; /evidence=""ECO:0007829|PDB:2P9R""; STRAND 201..208; /evidence=""ECO:0007829|PDB:2P9R""; STRAND 214..221; /evidence=""ECO:0007829|PDB:2P9R""; STRAND 1341..1347; /evidence=""ECO:0007829|PDB:1BV8""; STRAND 1360..1369; /evidence=""ECO:0007829|PDB:1BV8""; STRAND 1379..1384; /evidence=""ECO:0007829|PDB:1BV8""; STRAND 1389..1391; /evidence=""ECO:0007829|PDB:1BV8""; STRAND 1407..1410; /evidence=""ECO:0007829|PDB:1BV8""; STRAND 1412..1419; /evidence=""ECO:0007829|PDB:1BV8""; STRAND 1427..1434; /evidence=""ECO:0007829|PDB:1BV8""; STRAND 1445..1450; /evidence=""ECO:0007829|PDB:1BV8""; STRAND 1454..1456; /evidence=""ECO:0007829|PDB:1BV8""; STRAND 1459..1463; /evidence=""ECO:0007829|PDB:1BV8"""
P01023,131,Beta strand,"/evidence=""ECO:0007829|PDB:2P9R""; STRAND 136..138; /evidence=""ECO:0007829|PDB:2P9R""; STRAND 143..151; /evidence=""ECO:0007829|PDB:2P9R""; STRAND 161..168; /evidence=""ECO:0007829|PDB:2P9R""; STRAND 174..182; /evidence=""ECO:0007829|PDB:2P9R""; STRAND 187..193; /evidence=""ECO:0007829|PDB:2P9R""; STRAND 201..208; /evidence=""ECO:0007829|PDB:2P9R""; STRAND 214..221; /evidence=""ECO:0007829|PDB:2P9R""; STRAND 1341..1347; /evidence=""ECO:0007829|PDB:1BV8""; STRAND 1360..1369; /evidence=""ECO:0007829|PDB:1BV8""; STRAND 1379..1384; /evidence=""ECO:0007829|PDB:1BV8""; STRAND 1389..1391; /evidence=""ECO:0007829|PDB:1BV8""; STRAND 1407..1410; /evidence=""ECO:0007829|PDB:1BV8""; STRAND 1412..1419; /evidence=""ECO:0007829|PDB:1BV8""; STRAND 1427..1434; /evidence=""ECO:0007829|PDB:1BV8""; STRAND 1445..1450; /evidence=""ECO:0007829|PDB:1BV8""; STRAND 1454..1456; /evidence=""ECO:0007829|PDB:1BV8""; STRAND 1459..1463; /evidence=""ECO:0007829|PDB:1BV8"""
P01023,132,Beta strand,"/evidence=""ECO:0007829|PDB:2P9R""; STRAND 136..138; /evidence=""ECO:0007829|PDB:2P9R""; STRAND 143..151; /evidence=""ECO:0007829|PDB:2P9R""; STRAND 161..168; /evidence=""ECO:0007829|PDB:2P9R""; STRAND 174..182; /evidence=""ECO:0007829|PDB:2P9R""; STRAND 187..193; /evidence=""ECO:0007829|PDB:2P9R""; STRAND 201..208; /evidence=""ECO:0007829|PDB:2P9R""; STRAND 214..221; /evidence=""ECO:0007829|PDB:2P9R""; STRAND 1341..1347; /evidence=""ECO:0007829|PDB:1BV8""; STRAND 1360..1369; /evidence=""ECO:0007829|PDB:1BV8""; STRAND 1379..1384; /evidence=""ECO:0007829|PDB:1BV8""; STRAND 1389..1391; /evidence=""ECO:0007829|PDB:1BV8""; STRAND 1407..1410; /evidence=""ECO:0007829|PDB:1BV8""; STRAND 1412..1419; /evidence=""ECO:0007829|PDB:1BV8""; STRAND 1427..1434; /evidence=""ECO:0007829|PDB:1BV8""; STRAND 1445..1450; /evidence=""ECO:0007829|PDB:1BV8""; STRAND 1454..1456; /evidence=""ECO:0007829|PDB:1BV8""; STRAND 1459..1463; /evidence=""ECO:0007829|PDB:1BV8"""
P01023,133,Beta strand,"/evidence=""ECO:0007829|PDB:2P9R""; STRAND 136..138; /evidence=""ECO:0007829|PDB:2P9R""; STRAND 143..151; /evidence=""ECO:0007829|PDB:2P9R""; STRAND 161..168; /evidence=""ECO:0007829|PDB:2P9R""; STRAND 174..182; /evidence=""ECO:0007829|PDB:2P9R""; STRAND 187..193; /evidence=""ECO:0007829|PDB:2P9R""; STRAND 201..208; /evidence=""ECO:0007829|PDB:2P9R""; STRAND 214..221; /evidence=""ECO:0007829|PDB:2P9R""; STRAND 1341..1347; /evidence=""ECO:0007829|PDB:1BV8""; STRAND 1360..1369; /evidence=""ECO:0007829|PDB:1BV8""; STRAND 1379..1384; /evidence=""ECO:0007829|PDB:1BV8""; STRAND 1389..1391; /evidence=""ECO:0007829|PDB:1BV8""; STRAND 1407..1410; /evidence=""ECO:0007829|PDB:1BV8""; STRAND 1412..1419; /evidence=""ECO:0007829|PDB:1BV8""; STRAND 1427..1434; /evidence=""ECO:0007829|PDB:1BV8""; STRAND 1445..1450; /evidence=""ECO:0007829|PDB:1BV8""; STRAND 1454..1456; /evidence=""ECO:0007829|PDB:1BV8""; STRAND 1459..1463; /evidence=""ECO:0007829|PDB:1BV8"""
P01023,134,Beta strand,"/evidence=""ECO:0007829|PDB:2P9R""; STRAND 136..138; /evidence=""ECO:0007829|PDB:2P9R""; STRAND 143..151; /evidence=""ECO:0007829|PDB:2P9R""; STRAND 161..168; /evidence=""ECO:0007829|PDB:2P9R""; STRAND 174..182; /evidence=""ECO:0007829|PDB:2P9R""; STRAND 187..193; /evidence=""ECO:0007829|PDB:2P9R""; STRAND 201..208; /evidence=""ECO:0007829|PDB:2P9R""; STRAND 214..221; /evidence=""ECO:0007829|PDB:2P9R""; STRAND 1341..1347; /evidence=""ECO:0007829|PDB:1BV8""; STRAND 1360..1369; /evidence=""ECO:0007829|PDB:1BV8""; STRAND 1379..1384; /evidence=""ECO:0007829|PDB:1BV8""; STRAND 1389..1391; /evidence=""ECO:0007829|PDB:1BV8""; STRAND 1407..1410; /evidence=""ECO:0007829|PDB:1BV8""; STRAND 1412..1419; /evidence=""ECO:0007829|PDB:1BV8""; STRAND 1427..1434; /evidence=""ECO:0007829|PDB:1BV8""; STRAND 1445..1450; /evidence=""ECO:0007829|PDB:1BV8""; STRAND 1454..1456; /evidence=""ECO:0007829|PDB:1BV8""; STRAND 1459..1463; /evidence=""ECO:0007829|PDB:1BV8"""
